speech_id,person_id,surname
2923502,18413,corker
2923503,182,cardin
2923504,18413,corker
2923505,18413,corker
2923506,27586,coons
2923507,18413,corker
2923508,18413,corker
2923509,18413,corker
2923510,18413,corker
2923511,18413,corker
2923512,18413,corker
2923513,18413,corker
2923514,18413,corker
2923515,18413,corker
2923516,18413,corker
2923517,18413,corker
2923518,18413,corker
2923519,182,cardin
2923520,182,cardin
2923521,182,cardin
2923522,182,cardin
2923523,182,cardin
2923524,182,cardin
2923525,18413,corker
2923526,11538,gardner
2923527,11538,gardner
2923528,11538,gardner
2923529,11538,gardner
2923530,11538,gardner
2923531,11538,gardner
2923532,11538,gardner
2923533,11538,gardner
2923534,11538,gardner
2923535,11538,gardner
2923536,11538,gardner
2923537,11538,gardner
2923538,11538,gardner
2923539,11538,gardner
2923540,18413,corker
2923541,18413,corker
2923542,18413,corker
2923543,182,cardin
2923544,18413,corker
2923545,11538,gardner
2923546,18413,corker
2923547,18413,corker
2923548,18413,corker
2923549,18413,corker
2923550,18413,corker
2923551,18413,corker
2923552,18413,corker
2923553,18413,corker
2923554,18413,corker
2923555,18413,corker
2923556,18413,corker
2923557,182,cardin
2923558,182,cardin
2923559,182,cardin
2923560,182,cardin
2923561,18413,corker
2923562,34505,perdue
2923563,34505,perdue
2923564,18413,corker
2923565,27586,coons
2923566,27586,coons
2923567,18413,corker
2923568,27586,coons
2923569,18413,corker
2923570,27586,coons
2923571,27586,coons
2923572,27586,coons
2923573,27586,coons
2923574,27586,coons
2923575,27586,coons
2923576,27586,coons
2923577,27586,coons
2923578,18413,corker
2923579,27586,coons
2923580,18413,corker
2923581,4622,shaheen
2923582,4622,shaheen
2923583,182,cardin
2923584,4622,shaheen
2923585,182,cardin
2923586,4622,shaheen
2923587,4622,shaheen
2923588,4622,shaheen
2923589,4622,shaheen
2923590,4622,shaheen
2923591,4622,shaheen
2923592,4622,shaheen
2923593,4622,shaheen
2923594,4622,shaheen
2923595,4622,shaheen
2923596,18413,corker
2923597,4622,shaheen
2923598,4622,shaheen
2923599,18413,corker
2923600,18413,corker
2923601,182,cardin
2923602,18413,corker
2923603,18413,corker
2923604,18413,corker
2923605,182,cardin
2923606,182,cardin
2923607,182,cardin
2923608,182,cardin
2923609,18413,corker
2923610,34059,perdue
2923611,34059,perdue
2923612,34059,perdue
2923613,34059,perdue
2923614,182,cardin
2923615,14903,murphy
2923616,14903,murphy
2923617,14903,murphy
2923618,18413,corker
2923619,18905,barrasso
2923620,18905,barrasso
2923621,18905,barrasso
2923622,18905,barrasso
2923623,18905,barrasso
2923624,18905,barrasso
2923625,18905,barrasso
2923626,18413,corker
2923627,31144,kaine
2923628,31144,kaine
2923629,31144,kaine
2923630,18413,corker
2923631,2442,udall
2923632,2442,udall
2923633,2442,udall
2923634,2442,udall
2923635,2442,udall
2923636,2442,udall
2923637,18413,corker
2923638,5396,isakson
2923639,5396,isakson
2923640,5396,isakson
2923641,5396,isakson
2923642,5396,isakson
2923643,5396,isakson
2923644,5396,isakson
2923645,5396,isakson
2923646,5396,isakson
2923647,5396,isakson
2923648,18413,corker
2923649,18413,corker
2923650,18413,corker
2923651,18413,corker
2923652,18413,corker
2923653,18413,corker
2923654,18413,corker
2923655,18413,corker
2923656,18413,corker
2923657,18413,corker
2923658,18413,corker
2923659,18413,corker
2923660,18413,corker
2923661,18413,corker
2923662,182,cardin
2923663,18413,corker
2923664,18413,corker
2923665,18413,corker
2923666,18413,corker
2923667,18413,corker
2923668,18413,corker
2923669,18413,corker
2923670,18413,corker
2923671,182,cardin
2923672,182,cardin
2923673,182,cardin
2923674,182,cardin
2923675,18413,corker
2923676,31144,kaine
2923677,31144,kaine
2923678,18413,corker
2923679,31144,kaine
2923680,31144,kaine
2923681,18413,corker
2923682,31144,kaine
2923683,31144,kaine
2923684,18413,corker
2923685,18413,corker
2923686,18413,corker
2923687,18413,corker
2923688,18413,corker
2923689,18413,corker
2923690,18413,corker
2923691,182,cardin
2923692,18413,corker
2923693,18413,corker
2923694,18413,corker
2923695,18413,corker
2923696,18413,corker
2923697,182,cardin
2923698,182,cardin
2923699,182,cardin
2923700,182,cardin
2923701,182,cardin
2923702,182,cardin
2923703,182,cardin
2923704,182,cardin
2923705,18413,corker
2923706,34059,perdue
2923707,34059,perdue
2923708,34059,perdue
2923709,34059,perdue
2923710,34059,perdue
2923711,34059,perdue
2923712,18413,corker
2923713,27586,coons
2923714,27586,coons
2923715,27586,coons
2923716,18413,corker
2923717,11538,gardner
2923718,11538,gardner
2923719,11538,gardner
2923720,11538,gardner
2923721,11538,gardner
2923722,11538,gardner
2923723,11538,gardner
2923724,11538,gardner
2923725,11538,gardner
2923726,11538,gardner
2923727,11538,gardner
2923728,11538,gardner
2923729,11538,gardner
2923730,11538,gardner
2923731,11538,gardner
2923732,18413,corker
2923733,31144,kaine
2923734,31144,kaine
2923735,31144,kaine
2923736,31144,kaine
2923737,136,markey
2923738,31144,kaine
2923739,31144,kaine
2923740,18413,corker
2923741,5396,isakson
2923742,18413,corker
2923743,5396,isakson
2923744,18413,corker
2923745,5396,isakson
2923746,5396,isakson
2923747,5396,isakson
2923748,5396,isakson
2923749,5396,isakson
2923750,5396,isakson
2923751,14903,murphy
2923752,14903,murphy
2923753,2437,menendez
2923754,2437,menendez
2923755,2437,menendez
2923756,2437,menendez
2923757,2437,menendez
2923758,2437,menendez
2923759,2437,menendez
2923760,2437,menendez
2923761,2437,menendez
2923762,2437,menendez
2923763,18413,corker
2923764,18413,corker
2923765,18413,corker
2923766,18413,corker
2923767,18413,corker
2923768,18413,corker
2923769,18413,corker
2923770,18413,corker
2923771,182,cardin
2923772,18413,corker
2923773,136,markey
2923774,136,markey
2923775,136,markey
2923776,18413,corker
2923777,18413,corker
2923778,18413,corker
2923779,18413,corker
2923780,18413,corker
2923781,18413,corker
2923782,18413,corker
2923783,18413,corker
2923784,18413,corker
2923785,18413,corker
2923786,18413,corker
2923787,18413,corker
2923788,18413,corker
2923789,18413,corker
2923790,18413,corker
2923791,18413,corker
2923792,18413,corker
2923793,182,cardin
2923794,182,cardin
2923795,182,cardin
2923796,182,cardin
2923797,182,cardin
2923798,182,cardin
2923799,18413,corker
2923800,18413,corker
2923801,18413,corker
2923802,2437,menendez
2923803,18413,corker
2923804,18413,corker
2923805,18413,corker
2923806,18413,corker
2923807,18413,corker
2923808,18413,corker
2923809,18413,corker
2923810,18413,corker
2923811,18413,corker
2923812,18413,corker
2923813,2437,menendez
2923814,2437,menendez
2923815,2437,menendez
2923816,2437,menendez
2923817,2437,menendez
2923818,2437,menendez
2923819,2437,menendez
2923820,2437,menendez
2923821,2437,menendez
2923822,2437,menendez
2923823,2437,menendez
2923824,18413,corker
2923825,24982,johnson
2923826,24982,johnson
2923827,24982,johnson
2923828,24982,johnson
2923829,24982,johnson
2923830,24982,johnson
2923831,24982,johnson
2923832,24982,johnson
2923833,24982,johnson
2923834,18413,corker
2923835,182,cardin
2923836,182,cardin
2923837,182,cardin
2923838,182,cardin
2923839,182,cardin
2923840,182,cardin
2923841,182,cardin
2923842,182,cardin
2923843,182,cardin
2923844,182,cardin
2923845,18413,corker
2923846,25615,paul
2923847,25615,paul
2923848,25615,paul
2923849,25615,paul
2923850,25615,paul
2923851,25615,paul
2923852,25615,paul
2923853,25615,paul
2923854,25615,paul
2923855,18413,corker
2923856,136,markey
2923857,136,markey
2923858,136,markey
2923859,18413,corker
2923860,5396,isakson
2923861,5396,isakson
2923862,5396,isakson
2923863,5396,isakson
2923864,5396,isakson
2923865,5396,isakson
2923866,5396,isakson
2923867,5396,isakson
2923868,5396,isakson
2923869,5396,isakson
2923870,18413,corker
2923871,1836,boxer
2923872,1836,boxer
2923873,1836,boxer
2923874,18413,corker
2923875,27291,rubio
2923876,27291,rubio
2923877,27291,rubio
2923878,27291,rubio
2923879,27291,rubio
2923880,18413,corker
2923881,31144,kaine
2923882,31144,kaine
2923883,31144,kaine
2923884,31144,kaine
2923885,11538,gardner
2923886,11538,gardner
2923887,11538,gardner
2923888,11538,gardner
2923889,11538,gardner
2923890,11538,gardner
2923891,5134,flake
2923892,14903,murphy
2923893,14903,murphy
2923894,14903,murphy
2923895,14903,murphy
2923896,14903,murphy
2923897,14903,murphy
2923898,14903,murphy
2923899,5134,flake
2923900,5134,flake
2923901,5134,flake
2923902,5134,flake
2923903,5134,flake
2923904,5134,flake
2923905,18413,corker
2923906,31144,kaine
2923907,31144,kaine
2923908,31144,kaine
2923909,18413,corker
2923910,31144,kaine
2923911,18413,corker
2923912,18413,corker
2923913,18413,corker
2923914,18413,corker
2923915,18413,corker
2923916,18413,corker
2923917,18413,corker
2923918,18413,corker
2923919,18413,corker
2923920,2437,menendez
2923921,18413,corker
2923922,18413,corker
2923923,18413,corker
2923924,18413,corker
2923925,18413,corker
2923926,18413,corker
2923927,18413,corker
2923928,2437,menendez
2923929,2437,menendez
2923930,2437,menendez
2923931,2437,menendez
2923932,2437,menendez
2923933,18413,corker
2923934,24028,risch
2923935,24028,risch
2923936,24028,risch
2923937,24028,risch
2923938,24028,risch
2923939,18413,corker
2923940,182,cardin
2923941,182,cardin
2923942,182,cardin
2923943,182,cardin
2923944,182,cardin
2923945,18413,corker
2923946,5396,isakson
2923947,5396,isakson
2923948,5396,isakson
2923949,5396,isakson
2923950,5396,isakson
2923951,5396,isakson
2923952,5396,isakson
2923953,5396,isakson
2923954,5396,isakson
2923955,5396,isakson
2923956,18413,corker
2923957,11538,gardner
2923958,11538,gardner
2923959,11538,gardner
2923960,11538,gardner
2923961,11538,gardner
2923962,11538,gardner
2923963,11538,gardner
2923964,11538,gardner
2923965,18413,corker
2923966,27291,rubio
2923967,27291,rubio
2923968,27291,rubio
2923969,27291,rubio
2923970,27291,rubio
2923971,27291,rubio
2923972,27291,rubio
2923973,18413,corker
2923974,18413,corker
2923975,2437,menendez
2923976,18413,corker
2923977,18413,corker
2923978,18413,corker
2923979,18413,corker
2923980,18413,corker
2923981,18413,corker
2923982,18413,corker
2923983,2437,menendez
2923984,2437,menendez
2923985,2437,menendez
2923986,2437,menendez
2923987,2437,menendez
2923988,18413,corker
2923989,18413,corker
2923990,30615,kaine
2923991,30615,kaine
2923992,30615,kaine
2923993,30615,kaine
2923994,30615,kaine
2923995,18413,corker
2923996,18413,corker
2923997,18413,corker
2923998,2437,menendez
2923999,18413,corker
2924000,18413,corker
2924001,18413,corker
2924002,18413,corker
2924003,18413,corker
2924004,18413,corker
2924005,18413,corker
2924006,18413,corker
2924007,2437,menendez
2924008,2437,menendez
2924009,2437,menendez
2924010,2437,menendez
2924011,2437,menendez
2924012,2437,menendez
2924013,2437,menendez
2924014,2437,menendez
2924015,2437,menendez
2924016,2437,menendez
2924017,18413,corker
2924018,11538,gardner
2924019,11538,gardner
2924020,11538,gardner
2924021,11538,gardner
2924022,11538,gardner
2924023,11538,gardner
2924024,11538,gardner
2924025,18413,corker
2924026,4622,shaheen
2924027,4622,shaheen
2924028,4622,shaheen
2924029,4622,shaheen
2924030,4622,shaheen
2924031,4622,shaheen
2924032,4622,shaheen
2924033,18413,corker
2924034,182,cardin
2924035,182,cardin
2924036,182,cardin
2924037,182,cardin
2924038,182,cardin
2924039,182,cardin
2924040,182,cardin
2924041,18413,corker
2924042,2437,menendez
2924043,2437,menendez
2924044,18413,corker
2924045,18413,corker
2924046,18413,corker
2924047,2437,menendez
2924048,18413,corker
2924049,1836,boxer
2924050,18413,corker
2924051,1836,boxer
2924052,18413,corker
2924053,18413,corker
2924054,18413,corker
2924055,18413,corker
2924056,18413,corker
2924057,18413,corker
2924058,18413,corker
2924059,18413,corker
2924060,18413,corker
2924061,2437,menendez
2924062,2437,menendez
2924063,2437,menendez
2924064,2437,menendez
2924065,18413,corker
2924066,11538,gardner
2924067,11538,gardner
2924068,11538,gardner
2924069,11538,gardner
2924070,11538,gardner
2924071,11538,gardner
2924072,11538,gardner
2924073,11538,gardner
2924074,11538,gardner
2924075,18413,corker
2924076,136,markey
2924077,136,markey
2924078,136,markey
2924079,136,markey
2924080,136,markey
2924081,136,markey
2924082,136,markey
2924083,136,markey
2924084,136,markey
2924085,18413,corker
2924086,18905,barrasso
2924087,18905,barrasso
2924088,18905,barrasso
2924089,18905,barrasso
2924090,18905,barrasso
2924091,18905,barrasso
2924092,18905,barrasso
2924093,18905,barrasso
2924094,18413,corker
2924095,14903,murphy
2924096,14903,murphy
2924097,14903,murphy
2924098,14903,murphy
2924099,18413,corker
2924100,24982,johnson
2924101,24982,johnson
2924102,24982,johnson
2924103,24982,johnson
2924104,24982,johnson
2924105,24982,johnson
2924106,24982,johnson
2924107,24982,johnson
2924108,24982,johnson
2924109,24982,johnson
2924110,24982,johnson
2924111,24982,johnson
2924112,18413,corker
2924113,30615,kaine
2924114,30615,kaine
2924115,18413,corker
2924116,18413,corker
2924117,4622,shaheen
2924118,4622,shaheen
2924119,4622,shaheen
2924120,4622,shaheen
2924121,4622,shaheen
2924122,18413,corker
2924123,5134,flake
2924124,18413,corker
2924125,27586,coons
2924126,27586,coons
2924127,27586,coons
2924128,18413,corker
2924129,27586,coons
2924130,18413,corker
2924131,25615,paul
2924132,25615,paul
2924133,18413,corker
2924134,2442,udall
2924135,2442,udall
2924136,2442,udall
2924137,2442,udall
2924138,18413,corker
2924139,27291,rubio
2924140,27291,rubio
2924141,27291,rubio
2924142,18413,corker
2924143,27291,rubio
2924144,2437,menendez
2924145,27291,rubio
2924146,27291,rubio
2924147,27291,rubio
2924148,27291,rubio
2924149,27291,rubio
2924150,18413,corker
2924151,24028,risch
2924152,24028,risch
2924153,24028,risch
2924154,18413,corker
2924155,2437,menendez
2924156,2437,menendez
2924157,2437,menendez
2924158,2437,menendez
2924159,2437,menendez
2924160,2437,menendez
2924161,2437,menendez
2924162,18413,corker
2924163,18413,corker
2924164,24982,johnson
2924165,24982,johnson
2924166,4622,shaheen
2924167,4622,shaheen
2924168,24982,johnson
2924169,24982,johnson
2924170,24982,johnson
2924171,24982,johnson
2924172,24982,johnson
2924173,24982,johnson
2924174,24982,johnson
2924175,24982,johnson
2924176,24982,johnson
2924177,24982,johnson
2924178,24982,johnson
2924179,24982,johnson
2924180,24982,johnson
2924181,4622,shaheen
2924182,4622,shaheen
2924183,4622,shaheen
2924184,4622,shaheen
2924185,4622,shaheen
2924186,4622,shaheen
2924187,24982,johnson
2924188,11538,gardner
2924189,11538,gardner
2924190,11538,gardner
2924191,11538,gardner
2924192,11538,gardner
2924193,24982,johnson
2924194,14903,murphy
2924195,14903,murphy
2924196,24982,johnson
2924197,14903,murphy
2924198,14903,murphy
2924199,24982,johnson
2924200,31144,kaine
2924201,31144,kaine
2924202,31144,kaine
2924203,31144,kaine
2924204,31144,kaine
2924205,31144,kaine
2924206,24982,johnson
2924207,24982,johnson
2924208,31144,kaine
2924209,31144,kaine
2924210,24982,johnson
2924211,24982,johnson
2924212,24982,johnson
2924213,24982,johnson
2924214,4622,shaheen
2924215,4622,shaheen
2924216,4622,shaheen
2924217,4622,shaheen
2924218,4622,shaheen
2924219,24982,johnson
2924220,24982,johnson
2924221,24982,johnson
2924222,24982,johnson
2924223,24982,johnson
2924224,24982,johnson
2924225,24982,johnson
2924226,18413,corker
2924227,182,cardin
2924228,182,cardin
2924229,18413,corker
2924230,182,cardin
2924231,182,cardin
2924232,182,cardin
2924233,182,cardin
2924234,182,cardin
2924235,11538,gardner
2924236,11538,gardner
2924237,11538,gardner
2924238,11538,gardner
2924239,11538,gardner
2924240,11538,gardner
2924241,14903,murphy
2924242,14903,murphy
2924243,14903,murphy
2924244,14903,murphy
2924245,14903,murphy
2924246,34505,perdue
2924247,34505,perdue
2924248,34505,perdue
2924249,34505,perdue
2924250,34505,perdue
2924251,182,cardin
2924252,182,cardin
2924253,182,cardin
2924254,182,cardin
2924255,182,cardin
2924256,182,cardin
2924257,182,cardin
2924258,182,cardin
2924259,182,cardin
2924260,11538,gardner
2924261,11538,gardner
2924262,11538,gardner
2924263,11538,gardner
2924264,11538,gardner
2924265,11538,gardner
2924266,18905,barrasso
2924267,2442,udall
2924268,18905,barrasso
2924269,18905,barrasso
2924270,18905,barrasso
2924271,18905,barrasso
2924272,18905,barrasso
2924273,18905,barrasso
2924274,18905,barrasso
2924275,18905,barrasso
2924276,18905,barrasso
2924277,18905,barrasso
2924278,18905,barrasso
2924279,2442,udall
2924280,2442,udall
2924281,2442,udall
2924282,2442,udall
2924283,18905,barrasso
2924284,11538,gardner
2924285,11538,gardner
2924286,11538,gardner
2924287,11538,gardner
2924288,18905,barrasso
2924289,18905,barrasso
2924290,18905,barrasso
2924291,18905,barrasso
2924292,18905,barrasso
2924293,18905,barrasso
2924294,18905,barrasso
2924295,18905,barrasso
2924296,2442,udall
2924297,2442,udall
2924298,2442,udall
2924299,2442,udall
2924300,2442,udall
2924301,18905,barrasso
2924302,136,markey
2924303,136,markey
2924304,136,markey
2924305,136,markey
2924306,136,markey
2924307,18905,barrasso
2924308,18905,barrasso
2924309,18905,barrasso
2924310,18905,barrasso
2924311,18905,barrasso
2924312,18905,barrasso
2924313,18905,barrasso
2924314,18905,barrasso
2924315,18905,barrasso
2924316,18905,barrasso
2924317,2442,udall
2924318,2442,udall
2924319,2442,udall
2924320,2442,udall
2924321,2442,udall
2924322,18905,barrasso
2924323,18905,barrasso
2924324,2442,udall
2924325,2442,udall
2924326,2442,udall
2924327,2442,udall
2924328,18905,barrasso
2924329,18413,corker
2924330,18413,corker
2924331,18413,corker
2924332,18413,corker
2924333,18413,corker
2924334,18413,corker
2924335,18413,corker
2924336,18413,corker
2924337,18413,corker
2924338,18413,corker
2924339,18413,corker
2924340,18413,corker
2924341,18413,corker
2924342,18413,corker
2924343,1132,collins
2924344,1132,collins
2924345,1132,collins
2924346,18413,corker
2924347,18413,corker
2924348,18413,corker
2924349,18413,corker
2924350,18413,corker
2924351,4015,roberts
2924352,4015,roberts
2924353,4015,roberts
2924354,18413,corker
2924355,18413,corker
2924356,18413,corker
2924357,18413,corker
2924358,18413,corker
2924359,18413,corker
2924360,18413,corker
2924361,18413,corker
2924362,18413,corker
2924363,18413,corker
2924364,18413,corker
2924365,18413,corker
2924366,18413,corker
2924367,18413,corker
2924368,18413,corker
2924369,18413,corker
2924370,18413,corker
2924371,18413,corker
2924372,18413,corker
2924373,18413,corker
2924374,18413,corker
2924375,18413,corker
2924376,18413,corker
2924377,18413,corker
2924378,18413,corker
2924379,18413,corker
2924380,18413,corker
2924381,18413,corker
2924382,8603,alexander
2924383,1847,murray
2924384,18413,corker
2924385,24565,jones
2924386,18413,corker
2924387,24565,jones
2924388,24565,jones
2924389,18413,corker
2924390,18413,corker
2924391,5396,isakson
2924392,18413,corker
2924393,5396,isakson
2924394,18413,corker
2924395,18413,corker
2924396,34536,richburg-hayes
2924397,18413,corker
2924398,24565,jones
2924399,18413,corker
2924400,24565,jones
2924401,18413,corker
2924402,18413,corker
2924403,18413,corker
2924404,18413,corker
2924405,1847,murray
2924406,34536,richburg-hayes
2924407,1847,murray
2924408,1847,murray
2924409,1847,murray
2924410,24565,jones
2924411,1847,murray
2924412,18413,corker
2924413,1132,collins
2924414,24565,jones
2924415,1132,collins
2924416,1132,collins
2924417,1132,collins
2924418,34536,richburg-hayes
2924419,1132,collins
2924420,18413,corker
2924421,14903,murphy
2924422,24565,jones
2924423,14903,murphy
2924424,14903,murphy
2924425,18413,corker
2924426,34536,richburg-hayes
2924427,24565,jones
2924428,24565,jones
2924429,24565,jones
2924430,18413,corker
2924431,2367,baldwin
2924432,2367,baldwin
2924433,24565,jones
2924434,2367,baldwin
2924435,2367,baldwin
2924436,34536,richburg-hayes
2924437,2367,baldwin
2924438,18413,corker
2924439,24165,bennet
2924440,24165,bennet
2924441,24165,bennet
2924442,24165,bennet
2924443,24165,bennet
2924444,24165,bennet
2924445,18413,corker
2924446,14402,warren
2924447,24565,jones
2924448,14402,warren
2924449,14402,warren
2924450,14402,warren
2924451,24565,jones
2924452,14402,warren
2924453,24565,jones
2924454,14402,warren
2924455,18413,corker
2924456,1847,murray
2924457,18413,corker
2924458,1132,collins
2924459,1132,collins
2924460,1132,collins
2924461,1132,collins
2924462,1132,collins
2924463,1132,collins
2924464,1132,collins
2924465,1132,collins
2924466,1132,collins
2924467,1132,collins
2924468,1132,collins
2924469,1132,collins
2924470,1132,collins
2924471,1132,collins
2924472,1132,collins
2924473,1132,collins
2924474,1132,collins
2924475,18413,corker
2924476,18413,corker
2924477,18413,corker
2924478,18413,corker
2924479,18413,corker
2924480,18413,corker
2924481,18413,corker
2924482,18413,corker
2924483,18413,corker
2924484,18413,corker
2924485,18413,corker
2924486,18413,corker
2924487,18413,corker
2924488,24982,johnson
2924489,2367,baldwin
2924490,24982,johnson
2924491,34549,bohn
2924492,24982,johnson
2924493,34550,westlake
2924494,24982,johnson
2924495,34550,westlake
2924496,24982,johnson
2924497,24982,johnson
2924498,24982,johnson
2924499,24982,johnson
2924500,34552,badura
2924501,24982,johnson
2924502,24982,johnson
2924503,24982,johnson
2924504,24982,johnson
2924505,24982,johnson
2924506,24982,johnson
2924507,24982,johnson
2924508,24982,johnson
2924509,34552,badura
2924510,24982,johnson
2924511,34549,bohn
2924512,24982,johnson
2924513,34550,westlake
2924514,24982,johnson
2924515,24982,johnson
2924516,24982,johnson
2924517,2367,baldwin
2924518,34552,badura
2924519,2367,baldwin
2924520,34552,badura
2924521,2367,baldwin
2924522,34552,badura
2924523,2367,baldwin
2924524,34552,badura
2924525,2367,baldwin
2924526,2367,baldwin
2924527,34550,westlake
2924528,24982,johnson
2924529,34550,westlake
2924530,24982,johnson
2924531,34550,westlake
2924532,24982,johnson
2924533,2367,baldwin
2924534,34550,westlake
2924535,34550,westlake
2924536,2367,baldwin
2924537,34550,westlake
2924538,2367,baldwin
2924539,34549,bohn
2924540,2367,baldwin
2924541,24982,johnson
2924542,24982,johnson
2924543,24982,johnson
2924544,24982,johnson
2924545,20402,kerlikowske
2924546,24982,johnson
2924547,20402,kerlikowske
2924548,24982,johnson
2924549,34553,schimel
2924550,24982,johnson
2924551,34554,erpenbach
2924552,24982,johnson
2924553,34555,nygren
2924554,24982,johnson
2924555,20402,kerlikowske
2924556,24982,johnson
2924557,20402,kerlikowske
2924558,24982,johnson
2924559,20402,kerlikowske
2924560,24982,johnson
2924561,20402,kerlikowske
2924562,24982,johnson
2924563,20402,kerlikowske
2924564,24982,johnson
2924565,2367,baldwin
2924566,20402,kerlikowske
2924567,2367,baldwin
2924568,20402,kerlikowske
2924569,2367,baldwin
2924570,24982,johnson
2924571,20402,kerlikowske
2924572,24982,johnson
2924573,34553,schimel
2924574,24982,johnson
2924575,34553,schimel
2924576,24982,johnson
2924577,34553,schimel
2924578,24982,johnson
2924579,34553,schimel
2924580,24982,johnson
2924581,34553,schimel
2924582,24982,johnson
2924583,34553,schimel
2924584,24982,johnson
2924585,34554,erpenbach
2924586,2367,baldwin
2924587,24982,johnson
2924588,2367,baldwin
2924589,34554,erpenbach
2924590,24982,johnson
2924591,34554,erpenbach
2924592,24982,johnson
2924593,34554,erpenbach
2924594,24982,johnson
2924595,34555,nygren
2924596,24982,johnson
2924597,34555,nygren
2924598,24982,johnson
2924599,34555,nygren
2924600,24982,johnson
2924601,34555,nygren
2924602,24982,johnson
2924603,2367,baldwin
2924604,34553,schimel
2924605,2367,baldwin
2924606,34553,schimel
2924607,2367,baldwin
2924608,34553,schimel
2924609,2367,baldwin
2924610,2367,baldwin
2924611,34554,erpenbach
2924612,2367,baldwin
2924613,34555,nygren
2924614,2367,baldwin
2924615,24982,johnson
2924616,2367,baldwin
2924617,24982,johnson
2924618,34556,simon
2924619,99,portman
2924620,99,portman
2924621,99,portman
2924622,34557,dewine
2924623,34558,rendon
2924624,34559,plouck
2924625,99,portman
2924626,34557,dewine
2924627,99,portman
2924628,34558,rendon
2924629,99,portman
2924630,34559,plouck
2924631,99,portman
2924632,99,portman
2924633,34559,plouck
2924634,34559,plouck
2924635,34559,plouck
2924636,34559,plouck
2924637,34557,dewine
2924638,34558,rendon
2924639,99,portman
2924640,34557,dewine
2924641,34558,rendon
2924642,34557,dewine
2924643,99,portman
2924644,34558,rendon
2924645,99,portman
2924646,34560,walsh
2924647,99,portman
2924648,99,portman
2924649,99,portman
2924650,99,portman
2924651,34560,walsh
2924652,99,portman
2924653,3473,young
2924654,99,portman
2924655,3473,young
2924656,3473,young
2924657,99,portman
2924658,3473,young
2924659,99,portman
2924660,3473,young
2924661,99,portman
2924662,3473,young
2924663,99,portman
2924664,3473,young
2924665,3473,young
2924666,3473,young
2924667,99,portman
2924668,99,portman
2924669,3473,young
2924670,3473,young
2924671,99,portman
2924672,3473,young
2924673,99,portman
2924674,34563,brandt
2924675,34560,walsh
2924676,34561,kotz
2924677,99,portman
2924678,34561,kotz
2924679,99,portman
2924680,34561,kotz
2924681,34562,metz
2924682,99,portman
2924683,34562,metz
2924684,99,portman
2924685,24982,johnson
2924686,2367,baldwin
2924687,24982,johnson
2924688,31606,gibson
2924689,34564,missal
2924690,24982,johnson
2924691,31606,gibson
2924692,24982,johnson
2924693,34564,missal
2924694,24982,johnson
2924695,31606,gibson
2924696,24982,johnson
2924697,31606,gibson
2924698,24982,johnson
2924699,31606,gibson
2924700,24982,johnson
2924701,31606,gibson
2924702,24982,johnson
2924703,31606,gibson
2924704,24982,johnson
2924705,31606,gibson
2924706,24982,johnson
2924707,24982,johnson
2924708,24982,johnson
2924709,24982,johnson
2924710,24982,johnson
2924711,24982,johnson
2924712,24982,johnson
2924713,24982,johnson
2924714,2367,baldwin
2924715,2367,baldwin
2924716,2367,baldwin
2924717,34564,missal
2924718,2367,baldwin
2924719,34564,missal
2924720,24982,johnson
2924721,24982,johnson
2924722,34564,missal
2924723,31606,gibson
2924724,31606,gibson
2924725,24982,johnson
2924726,31606,gibson
2924727,31606,gibson
2924728,31606,gibson
2924729,31606,gibson
2924730,31606,gibson
2924731,31606,gibson
2924732,24982,johnson
2924733,2367,baldwin
2924734,24982,johnson
2924735,31606,gibson
2924736,24982,johnson
2924737,31606,gibson
2924738,24982,johnson
2924739,31606,gibson
2924740,24982,johnson
2924741,24982,johnson
2924742,24982,johnson
2924743,24982,johnson
2924744,2367,baldwin
2924745,31606,gibson
2924746,2367,baldwin
2924747,24982,johnson
2924748,34564,missal
2924749,24982,johnson
2924750,2367,baldwin
2924751,31606,gibson
2924752,2367,baldwin
2924753,31606,gibson
2924754,34564,missal
2924755,2367,baldwin
2924756,34564,missal
2924757,31606,gibson
2924758,24982,johnson
2924759,31606,gibson
2924760,24982,johnson
2924761,31606,gibson
2924762,31606,gibson
2924763,31606,gibson
2924764,31606,gibson
2924765,31606,gibson
2924766,31606,gibson
2924767,31606,gibson
2924768,31606,gibson
2924769,31606,gibson
2924770,31606,gibson
2924771,31606,gibson
2924772,31606,gibson
2924773,24982,johnson
2924774,31606,gibson
2924775,31606,gibson
2924776,31606,gibson
2924777,31606,gibson
2924778,31606,gibson
2924779,24982,johnson
2924780,24982,johnson
2924781,24982,johnson
2924782,24982,johnson
2924783,24982,johnson
2924784,34565,breuer
2924785,24982,johnson
2924786,34566,vebber
2924787,24982,johnson
2924788,34567,holte
2924789,24982,johnson
2924790,34568,schienebeck
2924791,34569,ramme
2924792,24982,johnson
2924793,34570,meyer
2924794,24982,johnson
2924795,34570,meyer
2924796,24982,johnson
2924797,34570,meyer
2924798,24982,johnson
2924799,34570,meyer
2924800,24982,johnson
2924801,34570,meyer
2924802,24982,johnson
2924803,34570,meyer
2924804,24982,johnson
2924805,34565,breuer
2924806,24982,johnson
2924807,34565,breuer
2924808,24982,johnson
2924809,34565,breuer
2924810,24982,johnson
2924811,34565,breuer
2924812,24982,johnson
2924813,34566,vebber
2924814,24982,johnson
2924815,34566,vebber
2924816,24982,johnson
2924817,34566,vebber
2924818,24982,johnson
2924819,34570,meyer
2924820,24982,johnson
2924821,34570,meyer
2924822,24982,johnson
2924823,34570,meyer
2924824,24982,johnson
2924825,34570,meyer
2924826,24982,johnson
2924827,34570,meyer
2924828,24982,johnson
2924829,34567,holte
2924830,24982,johnson
2924831,34567,holte
2924832,24982,johnson
2924833,34567,holte
2924834,24982,johnson
2924835,34570,meyer
2924836,34567,holte
2924837,24982,johnson
2924838,34567,holte
2924839,24982,johnson
2924840,34567,holte
2924841,24982,johnson
2924842,34567,holte
2924843,24982,johnson
2924844,34567,holte
2924845,24982,johnson
2924846,34568,schienebeck
2924847,24982,johnson
2924848,34568,schienebeck
2924849,24982,johnson
2924850,34570,meyer
2924851,24982,johnson
2924852,34568,schienebeck
2924853,24982,johnson
2924854,34570,meyer
2924855,24982,johnson
2924856,34570,meyer
2924857,34568,schienebeck
2924858,24982,johnson
2924859,34568,schienebeck
2924860,24982,johnson
2924861,34568,schienebeck
2924862,24982,johnson
2924863,34568,schienebeck
2924864,24982,johnson
2924865,34568,schienebeck
2924866,24982,johnson
2924867,34568,schienebeck
2924868,24982,johnson
2924869,34568,schienebeck
2924870,24982,johnson
2924871,34568,schienebeck
2924872,24982,johnson
2924873,34568,schienebeck
2924874,24982,johnson
2924875,34568,schienebeck
2924876,24982,johnson
2924877,34568,schienebeck
2924878,24982,johnson
2924879,34568,schienebeck
2924880,34570,meyer
2924881,24982,johnson
2924882,34570,meyer
2924883,24982,johnson
2924884,34570,meyer
2924885,24982,johnson
2924886,34570,meyer
2924887,24982,johnson
2924888,34570,meyer
2924889,24982,johnson
2924890,34570,meyer
2924891,24982,johnson
2924892,34570,meyer
2924893,24982,johnson
2924894,34570,meyer
2924895,24982,johnson
2924896,34569,ramme
2924897,24982,johnson
2924898,34569,ramme
2924899,24982,johnson
2924900,34565,breuer
2924901,24982,johnson
2924902,34569,ramme
2924903,24982,johnson
2924904,34569,ramme
2924905,24982,johnson
2924906,34569,ramme
2924907,24982,johnson
2924908,34565,breuer
2924909,24982,johnson
2924910,34565,breuer
2924911,24982,johnson
2924912,34565,breuer
2924913,24982,johnson
2924914,34565,breuer
2924915,24982,johnson
2924916,34565,breuer
2924917,24982,johnson
2924918,34569,ramme
2924919,24982,johnson
2924920,34569,ramme
2924921,24982,johnson
2924922,34569,ramme
2924923,24982,johnson
2924924,34569,ramme
2924925,24982,johnson
2924926,34569,ramme
2924927,24982,johnson
2924928,34570,meyer
2924929,24982,johnson
2924930,34565,breuer
2924931,24982,johnson
2924932,34566,vebber
2924933,24982,johnson
2924934,34567,holte
2924935,24982,johnson
2924936,34568,schienebeck
2924937,24982,johnson
2924938,34568,schienebeck
2924939,24982,johnson
2924940,34569,ramme
2924941,24982,johnson
2924942,34570,meyer
2924943,24982,johnson
2924944,25821,lankford
2924945,31457,thompson
2924946,23582,goldenkoff
2924947,33141,cha
2924948,25821,lankford
2924949,31457,thompson
2924950,25821,lankford
2924951,23582,goldenkoff
2924952,25821,lankford
2924953,33141,cha
2924954,25821,lankford
2924955,2976,carper
2924956,25821,lankford
2924957,2976,carper
2924958,25821,lankford
2924959,31457,thompson
2924960,25821,lankford
2924961,31457,thompson
2924962,25821,lankford
2924963,31457,thompson
2924964,25821,lankford
2924965,23582,goldenkoff
2924966,25821,lankford
2924967,23582,goldenkoff
2924968,25821,lankford
2924969,23582,goldenkoff
2924970,25821,lankford
2924971,33141,cha
2924972,25821,lankford
2924973,23582,goldenkoff
2924974,25821,lankford
2924975,23582,goldenkoff
2924976,25821,lankford
2924977,31457,thompson
2924978,25821,lankford
2924979,31457,thompson
2924980,25821,lankford
2924981,2976,carper
2924982,25821,lankford
2924983,2976,carper
2924984,25821,lankford
2924985,27063,ayotte
2924986,31457,thompson
2924987,27063,ayotte
2924988,31457,thompson
2924989,27063,ayotte
2924990,31457,thompson
2924991,27063,ayotte
2924992,31457,thompson
2924993,27063,ayotte
2924994,31457,thompson
2924995,27063,ayotte
2924996,31457,thompson
2924997,27063,ayotte
2924998,31457,thompson
2924999,27063,ayotte
2925000,33141,cha
2925001,27063,ayotte
2925002,33141,cha
2925003,27063,ayotte
2925004,33141,cha
2925005,27063,ayotte
2925006,31457,thompson
2925007,27063,ayotte
2925008,25821,lankford
2925009,20893,peters
2925010,31457,thompson
2925011,20893,peters
2925012,31457,thompson
2925013,20893,peters
2925014,31457,thompson
2925015,20893,peters
2925016,31457,thompson
2925017,20893,peters
2925018,31457,thompson
2925019,20893,peters
2925020,31457,thompson
2925021,20893,peters
2925022,31457,thompson
2925023,20893,peters
2925024,31457,thompson
2925025,20893,peters
2925026,31457,thompson
2925027,20893,peters
2925028,31457,thompson
2925029,20893,peters
2925030,31457,thompson
2925031,20893,peters
2925032,25821,lankford
2925033,31457,thompson
2925034,25821,lankford
2925035,31457,thompson
2925036,25821,lankford
2925037,2976,carper
2925038,31457,thompson
2925039,2976,carper
2925040,31457,thompson
2925041,2976,carper
2925042,31457,thompson
2925043,2976,carper
2925044,31457,thompson
2925045,2976,carper
2925046,31457,thompson
2925047,2976,carper
2925048,31457,thompson
2925049,2976,carper
2925050,31457,thompson
2925051,2976,carper
2925052,31457,thompson
2925053,2976,carper
2925054,25821,lankford
2925055,31457,thompson
2925056,25821,lankford
2925057,31457,thompson
2925058,25821,lankford
2925059,33141,cha
2925060,25821,lankford
2925061,33141,cha
2925062,25821,lankford
2925063,33141,cha
2925064,25821,lankford
2925065,31457,thompson
2925066,25821,lankford
2925067,31457,thompson
2925068,25821,lankford
2925069,31457,thompson
2925070,25821,lankford
2925071,31457,thompson
2925072,25821,lankford
2925073,31457,thompson
2925074,25821,lankford
2925075,31457,thompson
2925076,25821,lankford
2925077,31457,thompson
2925078,25821,lankford
2925079,2976,carper
2925080,31457,thompson
2925081,2976,carper
2925082,31457,thompson
2925083,2976,carper
2925084,31457,thompson
2925085,2976,carper
2925086,33141,cha
2925087,2976,carper
2925088,33141,cha
2925089,2976,carper
2925090,31457,thompson
2925091,2976,carper
2925092,33141,cha
2925093,2976,carper
2925094,31457,thompson
2925095,2976,carper
2925096,31457,thompson
2925097,2976,carper
2925098,25821,lankford
2925099,2976,carper
2925100,23582,goldenkoff
2925101,2976,carper
2925102,33141,cha
2925103,2976,carper
2925104,33141,cha
2925105,2976,carper
2925106,33141,cha
2925107,2976,carper
2925108,23582,goldenkoff
2925109,2976,carper
2925110,31457,thompson
2925111,2976,carper
2925112,31457,thompson
2925113,2976,carper
2925114,25821,lankford
2925115,2976,carper
2925116,31457,thompson
2925117,2976,carper
2925118,31457,thompson
2925119,2976,carper
2925120,25821,lankford
2925121,31457,thompson
2925122,25821,lankford
2925123,31457,thompson
2925124,25821,lankford
2925125,31457,thompson
2925126,25821,lankford
2925127,31457,thompson
2925128,25821,lankford
2925129,23582,goldenkoff
2925130,25821,lankford
2925131,23582,goldenkoff
2925132,23582,goldenkoff
2925133,25821,lankford
2925134,2976,carper
2925135,31457,thompson
2925136,2976,carper
2925137,31457,thompson
2925138,2976,carper
2925139,25821,lankford
2925140,2976,carper
2925141,25821,lankford
2925142,2976,carper
2925143,25821,lankford
2925144,2976,carper
2925145,25821,lankford
2925146,2976,carper
2925147,25821,lankford
2925148,2976,carper
2925149,25821,lankford
2925150,24982,johnson
2925151,34571,shorter
2925152,24982,johnson
2925153,34572,lopez
2925154,24982,johnson
2925155,34574,witte
2925156,24982,johnson
2925157,34575,komer
2925158,24982,johnson
2925159,34576,tyson
2925160,24982,johnson
2925161,34571,shorter
2925162,24982,johnson
2925163,34571,shorter
2925164,24982,johnson
2925165,34571,shorter
2925166,34571,shorter
2925167,24982,johnson
2925168,34571,shorter
2925169,24982,johnson
2925170,34571,shorter
2925171,24982,johnson
2925172,34571,shorter
2925173,24982,johnson
2925174,34571,shorter
2925175,24982,johnson
2925176,34572,lopez
2925177,24982,johnson
2925178,34572,lopez
2925179,24982,johnson
2925180,34572,lopez
2925181,24982,johnson
2925182,34572,lopez
2925183,24982,johnson
2925184,24982,johnson
2925185,24982,johnson
2925186,34574,witte
2925187,24982,johnson
2925188,34574,witte
2925189,24982,johnson
2925190,34574,witte
2925191,24982,johnson
2925192,34574,witte
2925193,24982,johnson
2925194,34574,witte
2925195,24982,johnson
2925196,34574,witte
2925197,24982,johnson
2925198,34574,witte
2925199,24982,johnson
2925200,34574,witte
2925201,24982,johnson
2925202,34575,komer
2925203,24982,johnson
2925204,24982,johnson
2925205,34575,komer
2925206,24982,johnson
2925207,34574,witte
2925208,24982,johnson
2925209,34574,witte
2925210,24982,johnson
2925211,34576,tyson
2925212,24982,johnson
2925213,34576,tyson
2925214,24982,johnson
2925215,34574,witte
2925216,34574,witte
2925217,24982,johnson
2925218,24982,johnson
2925219,24982,johnson
2925220,24982,johnson
2925221,34576,tyson
2925222,24982,johnson
2925223,34576,tyson
2925224,24982,johnson
2925225,34574,witte
2925226,24982,johnson
2925227,34576,tyson
2925228,24982,johnson
2925229,34576,tyson
2925230,24982,johnson
2925231,34576,tyson
2925232,24982,johnson
2925233,34576,tyson
2925234,24982,johnson
2925235,24982,johnson
2925236,24982,johnson
2925237,24982,johnson
2925238,24982,johnson
2925239,24982,johnson
2925240,24982,johnson
2925241,34574,witte
2925242,24982,johnson
2925243,24982,johnson
2925244,24982,johnson
2925245,24982,johnson
2925246,24982,johnson
2925247,24982,johnson
2925248,24982,johnson
2925249,24982,johnson
2925250,24982,johnson
2925251,24982,johnson
2925252,2976,carper
2925253,24982,johnson
2925254,34577,rivers
2925255,9936,o'carroll
2925256,33079,mader
2925257,31299,davis
2925258,24982,johnson
2925259,34577,rivers
2925260,24982,johnson
2925261,34577,rivers
2925262,24982,johnson
2925263,34577,rivers
2925264,24982,johnson
2925265,34577,rivers
2925266,24982,johnson
2925267,34577,rivers
2925268,24982,johnson
2925269,34577,rivers
2925270,24982,johnson
2925271,2976,carper
2925272,34577,rivers
2925273,2976,carper
2925274,34577,rivers
2925275,2976,carper
2925276,34577,rivers
2925277,2976,carper
2925278,34577,rivers
2925279,2976,carper
2925280,24982,johnson
2925281,25821,lankford
2925282,34577,rivers
2925283,25821,lankford
2925284,24982,johnson
2925285,20893,peters
2925286,34577,rivers
2925287,20893,peters
2925288,34577,rivers
2925289,20893,peters
2925290,34577,rivers
2925291,20893,peters
2925292,34577,rivers
2925293,20893,peters
2925294,34577,rivers
2925295,20893,peters
2925296,24982,johnson
2925297,34577,rivers
2925298,24982,johnson
2925299,24982,johnson
2925300,9936,o'carroll
2925301,24982,johnson
2925302,33079,mader
2925303,24982,johnson
2925304,31299,davis
2925305,2976,carper
2925306,31299,davis
2925307,24982,johnson
2925308,24982,johnson
2925309,24982,johnson
2925310,24982,johnson
2925311,24982,johnson
2925312,24982,johnson
2925313,24982,johnson
2925314,9936,o'carroll
2925315,24982,johnson
2925316,24982,johnson
2925317,9936,o'carroll
2925318,24982,johnson
2925319,9936,o'carroll
2925320,24982,johnson
2925321,9936,o'carroll
2925322,24982,johnson
2925323,9936,o'carroll
2925324,24982,johnson
2925325,9936,o'carroll
2925326,24982,johnson
2925327,24982,johnson
2925328,2976,carper
2925329,2976,carper
2925330,33079,mader
2925331,2976,carper
2925332,33079,mader
2925333,2976,carper
2925334,33079,mader
2925335,2976,carper
2925336,33079,mader
2925337,2976,carper
2925338,2976,carper
2925339,24982,johnson
2925340,25821,lankford
2925341,33079,mader
2925342,25821,lankford
2925343,33079,mader
2925344,25821,lankford
2925345,25821,lankford
2925346,25821,lankford
2925347,25821,lankford
2925348,25821,lankford
2925349,25821,lankford
2925350,25821,lankford
2925351,25821,lankford
2925352,25821,lankford
2925353,25821,lankford
2925354,25821,lankford
2925355,25821,lankford
2925356,25821,lankford
2925357,25821,lankford
2925358,9936,o'carroll
2925359,25821,lankford
2925360,9936,o'carroll
2925361,25821,lankford
2925362,9936,o'carroll
2925363,25821,lankford
2925364,9936,o'carroll
2925365,25821,lankford
2925366,24982,johnson
2925367,20893,peters
2925368,20893,peters
2925369,20893,peters
2925370,20893,peters
2925371,20893,peters
2925372,20893,peters
2925373,20893,peters
2925374,20893,peters
2925375,9936,o'carroll
2925376,20893,peters
2925377,9936,o'carroll
2925378,9936,o'carroll
2925379,20893,peters
2925380,9936,o'carroll
2925381,20893,peters
2925382,9936,o'carroll
2925383,20893,peters
2925384,24982,johnson
2925385,18403,mccaskill
2925386,18403,mccaskill
2925387,18403,mccaskill
2925388,18403,mccaskill
2925389,18403,mccaskill
2925390,18403,mccaskill
2925391,18403,mccaskill
2925392,18403,mccaskill
2925393,18403,mccaskill
2925394,18403,mccaskill
2925395,18403,mccaskill
2925396,18403,mccaskill
2925397,18403,mccaskill
2925398,18403,mccaskill
2925399,18403,mccaskill
2925400,18403,mccaskill
2925401,18403,mccaskill
2925402,24982,johnson
2925403,27063,ayotte
2925404,27063,ayotte
2925405,27063,ayotte
2925406,27063,ayotte
2925407,9936,o'carroll
2925408,27063,ayotte
2925409,27063,ayotte
2925410,9936,o'carroll
2925411,27063,ayotte
2925412,9936,o'carroll
2925413,27063,ayotte
2925414,24982,johnson
2925415,34058,ernst
2925416,24982,johnson
2925417,34058,ernst
2925418,9936,o'carroll
2925419,34058,ernst
2925420,9936,o'carroll
2925421,34058,ernst
2925422,34058,ernst
2925423,34058,ernst
2925424,34058,ernst
2925425,34058,ernst
2925426,2976,carper
2925427,33079,mader
2925428,2976,carper
2925429,2976,carper
2925430,9936,o'carroll
2925431,2976,carper
2925432,9936,o'carroll
2925433,2976,carper
2925434,2976,carper
2925435,2976,carper
2925436,31299,davis
2925437,2976,carper
2925438,9936,o'carroll
2925439,24982,johnson
2925440,24982,johnson
2925441,24982,johnson
2925442,24982,johnson
2925443,24982,johnson
2925444,24982,johnson
2925445,24982,johnson
2925446,24982,johnson
2925447,31299,davis
2925448,24982,johnson
2925449,31299,davis
2925450,24982,johnson
2925451,24982,johnson
2925452,24982,johnson
2925453,9936,o'carroll
2925454,24982,johnson
2925455,33079,mader
2925456,24982,johnson
2925457,31299,davis
2925458,24982,johnson
2925459,9494,johnson
2925460,9494,johnson
2925461,9494,johnson
2925462,21398,fisher
2925463,29190,wagner
2925464,34594,spero
2925465,34595,rodriguez
2925466,34596,hartunian
2925467,9494,johnson
2925468,21398,fisher
2925469,9494,johnson
2925470,34594,spero
2925471,9494,johnson
2925472,29190,wagner
2925473,9494,johnson
2925474,29190,wagner
2925475,9494,johnson
2925476,29190,wagner
2925477,9494,johnson
2925478,34595,rodriguez
2925479,9494,johnson
2925480,34596,hartunian
2925481,9494,johnson
2925482,21398,fisher
2925483,9494,johnson
2925484,21398,fisher
2925485,9494,johnson
2925486,21398,fisher
2925487,9494,johnson
2925488,21398,fisher
2925489,9494,johnson
2925490,34594,spero
2925491,9494,johnson
2925492,21398,fisher
2925493,9494,johnson
2925494,21398,fisher
2925495,9494,johnson
2925496,21398,fisher
2925497,21398,fisher
2925498,21398,fisher
2925499,21398,fisher
2925500,21398,fisher
2925501,34596,hartunian
2925502,34596,hartunian
2925503,9494,johnson
2925504,9494,johnson
2925505,9494,johnson
2925506,34596,hartunian
2925507,34596,hartunian
2925508,21398,fisher
2925509,29190,wagner
2925510,29190,wagner
2925511,29190,wagner
2925512,34594,spero
2925513,9494,johnson
2925514,21398,fisher
2925515,21398,fisher
2925516,29190,wagner
2925517,29190,wagner
2925518,29190,wagner
2925519,21398,fisher
2925520,9494,johnson
2925521,29190,wagner
2925522,29190,wagner
2925523,9494,johnson
2925524,21398,fisher
2925525,21398,fisher
2925526,21398,fisher
2925527,21398,fisher
2925528,21398,fisher
2925529,21398,fisher
2925530,21398,fisher
2925531,29190,wagner
2925532,29190,wagner
2925533,29190,wagner
2925534,29190,wagner
2925535,29190,wagner
2925536,29190,wagner
2925537,21398,fisher
2925538,21398,fisher
2925539,21398,fisher
2925540,21398,fisher
2925541,21398,fisher
2925542,21398,fisher
2925543,21398,fisher
2925544,21398,fisher
2925545,21398,fisher
2925546,21398,fisher
2925547,21398,fisher
2925548,9494,johnson
2925549,21398,fisher
2925550,29190,wagner
2925551,34594,spero
2925552,34594,spero
2925553,34595,rodriguez
2925554,34595,rodriguez
2925555,34596,hartunian
2925556,29190,wagner
2925557,29190,wagner
2925558,29190,wagner
2925559,29190,wagner
2925560,29190,wagner
2925561,29190,wagner
2925562,29190,wagner
2925563,29190,wagner
2925564,29190,wagner
2925565,29190,wagner
2925566,21398,fisher
2925567,9494,johnson
2925568,21398,fisher
2925569,21398,fisher
2925570,9494,johnson
2925571,34594,spero
2925572,9494,johnson
2925573,21398,fisher
2925574,9494,johnson
2925575,21398,fisher
2925576,9494,johnson
2925577,21398,fisher
2925578,9494,johnson
2925579,21398,fisher
2925580,9494,johnson
2925581,29190,wagner
2925582,9494,johnson
2925583,34594,spero
2925584,9494,johnson
2925585,34595,rodriguez
2925586,9494,johnson
2925587,34596,hartunian
2925588,9494,johnson
2925589,34596,hartunian
2925590,9494,johnson
2925591,34594,spero
2925592,34594,spero
2925593,34594,spero
2925594,21398,fisher
2925595,34596,hartunian
2925596,34596,hartunian
2925597,34595,rodriguez
2925598,34595,rodriguez
2925599,34595,rodriguez
2925600,34594,spero
2925601,29190,wagner
2925602,21398,fisher
2925603,34594,spero
2925604,34594,spero
2925605,34594,spero
2925606,29190,wagner
2925607,29190,wagner
2925608,29190,wagner
2925609,29190,wagner
2925610,29190,wagner
2925611,29190,wagner
2925612,9494,johnson
2925613,9494,johnson
2925614,9494,johnson
2925615,21405,borkowski
2925616,29614,vitiello
2925617,34598,duong
2925618,24425,gambler
2925619,34599,garcia
2925620,9494,johnson
2925621,9494,johnson
2925622,21405,borkowski
2925623,9494,johnson
2925624,29614,vitiello
2925625,9494,johnson
2925626,34598,duong
2925627,9494,johnson
2925628,24425,gambler
2925629,9494,johnson
2925630,34599,garcia
2925631,9494,johnson
2925632,24425,gambler
2925633,24425,gambler
2925634,24425,gambler
2925635,9494,johnson
2925636,9494,johnson
2925637,29614,vitiello
2925638,9494,johnson
2925639,29614,vitiello
2925640,9494,johnson
2925641,29614,vitiello
2925642,9494,johnson
2925643,29614,vitiello
2925644,9494,johnson
2925645,24425,gambler
2925646,9494,johnson
2925647,29614,vitiello
2925648,29614,vitiello
2925649,29614,vitiello
2925650,29614,vitiello
2925651,29614,vitiello
2925652,29614,vitiello
2925653,29614,vitiello
2925654,29614,vitiello
2925655,29614,vitiello
2925656,29614,vitiello
2925657,29614,vitiello
2925658,29614,vitiello
2925659,29614,vitiello
2925660,29614,vitiello
2925661,9494,johnson
2925662,34599,garcia
2925663,21405,borkowski
2925664,29614,vitiello
2925665,29614,vitiello
2925666,9494,johnson
2925667,9494,johnson
2925668,29614,vitiello
2925669,9494,johnson
2925670,29614,vitiello
2925671,9494,johnson
2925672,29614,vitiello
2925673,9494,johnson
2925674,34599,garcia
2925675,9494,johnson
2925676,34599,garcia
2925677,9494,johnson
2925678,34599,garcia
2925679,9494,johnson
2925680,29614,vitiello
2925681,9494,johnson
2925682,29614,vitiello
2925683,29614,vitiello
2925684,34598,duong
2925685,34598,duong
2925686,34598,duong
2925687,34598,duong
2925688,34598,duong
2925689,34598,duong
2925690,34598,duong
2925691,24425,gambler
2925692,24425,gambler
2925693,34599,garcia
2925694,9494,johnson
2925695,29614,vitiello
2925696,21405,borkowski
2925697,21405,borkowski
2925698,21405,borkowski
2925699,29614,vitiello
2925700,29614,vitiello
2925701,21405,borkowski
2925702,21405,borkowski
2925703,21405,borkowski
2925704,29614,vitiello
2925705,29614,vitiello
2925706,29614,vitiello
2925707,9494,johnson
2925708,29614,vitiello
2925709,9494,johnson
2925710,29614,vitiello
2925711,9494,johnson
2925712,29614,vitiello
2925713,9494,johnson
2925714,9494,johnson
2925715,9494,johnson
2925716,29614,vitiello
2925717,9494,johnson
2925718,21405,borkowski
2925719,29614,vitiello
2925720,29614,vitiello
2925721,29614,vitiello
2925722,24425,gambler
2925723,34598,duong
2925724,9494,johnson
2925725,9494,johnson
2925726,29614,vitiello
2925727,9494,johnson
2925728,29614,vitiello
2925729,9494,johnson
2925730,29614,vitiello
2925731,9494,johnson
2925732,29614,vitiello
2925733,9494,johnson
2925734,29614,vitiello
2925735,9494,johnson
2925736,29614,vitiello
2925737,9494,johnson
2925738,29614,vitiello
2925739,9494,johnson
2925740,29614,vitiello
2925741,9494,johnson
2925742,29614,vitiello
2925743,9494,johnson
2925744,29614,vitiello
2925745,9494,johnson
2925746,29614,vitiello
2925747,9494,johnson
2925748,29614,vitiello
2925749,9494,johnson
2925750,29614,vitiello
2925751,9494,johnson
2925752,29614,vitiello
2925753,21405,borkowski
2925754,21405,borkowski
2925755,29614,vitiello
2925756,34599,garcia
2925757,24425,gambler
2925758,24425,gambler
2925759,34598,duong
2925760,29614,vitiello
2925761,21405,borkowski
2925762,9494,johnson
2925763,9494,johnson
2925764,9494,johnson
2925765,31430,osuna
2925766,6210,greenberg
2925767,34600,miller
2925768,34601,langlois
2925769,9494,johnson
2925770,31430,osuna
2925771,9494,johnson
2925772,31430,osuna
2925773,9494,johnson
2925774,6210,greenberg
2925775,9494,johnson
2925776,9494,johnson
2925777,34600,miller
2925778,9494,johnson
2925779,34601,langlois
2925780,9494,johnson
2925781,6210,greenberg
2925782,9494,johnson
2925783,34600,miller
2925784,9494,johnson
2925785,34600,miller
2925786,9494,johnson
2925787,34600,miller
2925788,9494,johnson
2925789,34600,miller
2925790,9494,johnson
2925791,34600,miller
2925792,9494,johnson
2925793,34600,miller
2925794,9494,johnson
2925795,34600,miller
2925796,9494,johnson
2925797,34600,miller
2925798,9494,johnson
2925799,34600,miller
2925800,9494,johnson
2925801,34600,miller
2925802,34600,miller
2925803,34600,miller
2925804,34600,miller
2925805,31430,osuna
2925806,34600,miller
2925807,34601,langlois
2925808,34601,langlois
2925809,34601,langlois
2925810,34600,miller
2925811,6210,greenberg
2925812,31430,osuna
2925813,31430,osuna
2925814,31430,osuna
2925815,31430,osuna
2925816,9494,johnson
2925817,9494,johnson
2925818,34601,langlois
2925819,34601,langlois
2925820,34601,langlois
2925821,31430,osuna
2925822,31430,osuna
2925823,31430,osuna
2925824,9494,johnson
2925825,34600,miller
2925826,34600,miller
2925827,34601,langlois
2925828,34601,langlois
2925829,9494,johnson
2925830,34600,miller
2925831,34600,miller
2925832,34600,miller
2925833,34600,miller
2925834,9494,johnson
2925835,34600,miller
2925836,9494,johnson
2925837,34600,miller
2925838,9494,johnson
2925839,6210,greenberg
2925840,9494,johnson
2925841,6210,greenberg
2925842,9494,johnson
2925843,6210,greenberg
2925844,9494,johnson
2925845,6210,greenberg
2925846,9494,johnson
2925847,6210,greenberg
2925848,9494,johnson
2925849,6210,greenberg
2925850,9494,johnson
2925851,6210,greenberg
2925852,9494,johnson
2925853,6210,greenberg
2925854,9494,johnson
2925855,6210,greenberg
2925856,9494,johnson
2925857,6210,greenberg
2925858,9494,johnson
2925859,6210,greenberg
2925860,9494,johnson
2925861,6210,greenberg
2925862,9494,johnson
2925863,6210,greenberg
2925864,9494,johnson
2925865,9494,johnson
2925866,6210,greenberg
2925867,9494,johnson
2925868,6210,greenberg
2925869,9494,johnson
2925870,6210,greenberg
2925871,9494,johnson
2925872,6210,greenberg
2925873,9494,johnson
2925874,31430,osuna
2925875,9494,johnson
2925876,31430,osuna
2925877,9494,johnson
2925878,31430,osuna
2925879,9494,johnson
2925880,31430,osuna
2925881,9494,johnson
2925882,31430,osuna
2925883,9494,johnson
2925884,31430,osuna
2925885,9494,johnson
2925886,31430,osuna
2925887,9494,johnson
2925888,31430,osuna
2925889,9494,johnson
2925890,31430,osuna
2925891,6210,greenberg
2925892,34600,miller
2925893,34600,miller
2925894,34601,langlois
2925895,34601,langlois
2925896,34601,langlois
2925897,34601,langlois
2925898,34601,langlois
2925899,34601,langlois
2925900,9494,johnson
2925901,31430,osuna
2925902,9494,johnson
2925903,34601,langlois
2925904,34601,langlois
2925905,9494,johnson
2925906,31430,osuna
2925907,9494,johnson
2925908,9494,johnson
2925909,6210,greenberg
2925910,9494,johnson
2925911,34600,miller
2925912,9494,johnson
2925913,34601,langlois
2925914,9494,johnson
2925915,9494,johnson
2925916,9494,johnson
2925917,34602,brown
2925918,25470,edge
2925919,9494,johnson
2925920,34602,brown
2925921,9494,johnson
2925922,9494,johnson
2925923,25470,edge
2925924,9494,johnson
2925925,25470,edge
2925926,9494,johnson
2925927,25470,edge
2925928,9494,johnson
2925929,25470,edge
2925930,9494,johnson
2925931,9494,johnson
2925932,9494,johnson
2925933,9494,johnson
2925934,25470,edge
2925935,9494,johnson
2925936,25470,edge
2925937,9494,johnson
2925938,25470,edge
2925939,9494,johnson
2925940,25470,edge
2925941,9494,johnson
2925942,9494,johnson
2925943,9494,johnson
2925944,34602,brown
2925945,9494,johnson
2925946,34602,brown
2925947,25470,edge
2925948,25470,edge
2925949,25470,edge
2925950,25470,edge
2925951,9494,johnson
2925952,25470,edge
2925953,25470,edge
2925954,25470,edge
2925955,25470,edge
2925956,9494,johnson
2925957,34602,brown
2925958,34602,brown
2925959,34602,brown
2925960,34602,brown
2925961,25470,edge
2925962,34602,brown
2925963,25470,edge
2925964,9494,johnson
2925965,34602,brown
2925966,25470,edge
2925967,34602,brown
2925968,34602,brown
2925969,25470,edge
2925970,9494,johnson
2925971,34602,brown
2925972,34602,brown
2925973,25470,edge
2925974,9494,johnson
2925975,34602,brown
2925976,34602,brown
2925977,34602,brown
2925978,34602,brown
2925979,34602,brown
2925980,34602,brown
2925981,34602,brown
2925982,34602,brown
2925983,9494,johnson
2925984,34602,brown
2925985,9494,johnson
2925986,34602,brown
2925987,9494,johnson
2925988,34602,brown
2925989,25470,edge
2925990,9494,johnson
2925991,34602,brown
2925992,34602,brown
2925993,25470,edge
2925994,9494,johnson
2925995,25470,edge
2925996,9494,johnson
2925997,9494,johnson
2925998,34602,brown
2925999,9494,johnson
2926000,34602,brown
2926001,9494,johnson
2926002,34602,brown
2926003,9494,johnson
2926004,34602,brown
2926005,9494,johnson
2926006,34602,brown
2926007,9494,johnson
2926008,34602,brown
2926009,9494,johnson
2926010,34602,brown
2926011,9494,johnson
2926012,34602,brown
2926013,9494,johnson
2926014,34602,brown
2926015,9494,johnson
2926016,34602,brown
2926017,9494,johnson
2926018,34602,brown
2926019,9494,johnson
2926020,34602,brown
2926021,9494,johnson
2926022,9494,johnson
2926023,25470,edge
2926024,9494,johnson
2926025,25470,edge
2926026,9494,johnson
2926027,34604,willard
2926028,34605,griffin
2926029,34604,willard
2926030,34604,willard
2926031,34604,willard
2926032,34604,willard
2926033,34605,griffin
2926034,34605,griffin
2926035,34604,willard
2926036,34605,griffin
2926037,34605,griffin
2926038,34605,griffin
2926039,29520,botticelli
2926040,20402,kerlikowske
2926041,34607,riley
2926042,34607,riley
2926043,34607,riley
2926044,29520,botticelli
2926045,20402,kerlikowske
2926046,29520,botticelli
2926047,20402,kerlikowske
2926048,34607,riley
2926049,20402,kerlikowske
2926050,29520,botticelli
2926051,34607,riley
2926052,34607,riley
2926053,34607,riley
2926054,34607,riley
2926055,34607,riley
2926056,29520,botticelli
2926057,29520,botticelli
2926058,29520,botticelli
2926059,20402,kerlikowske
2926060,34607,riley
2926061,9494,johnson
2926062,9494,johnson
2926063,34608,gianopoulos
2926064,34610,casas-zamora
2926065,28926,wood
2926066,9494,johnson
2926067,34608,gianopoulos
2926068,9494,johnson
2926069,9494,johnson
2926070,34610,casas-zamora
2926071,34610,casas-zamora
2926072,9494,johnson
2926073,28926,wood
2926074,9494,johnson
2926075,9494,johnson
2926076,34608,gianopoulos
2926077,9494,johnson
2926078,34610,casas-zamora
2926079,9494,johnson
2926080,34610,casas-zamora
2926081,9494,johnson
2926082,28926,wood
2926083,9494,johnson
2926084,28926,wood
2926085,9494,johnson
2926086,28926,wood
2926087,9494,johnson
2926088,9494,johnson
2926089,9494,johnson
2926090,9494,johnson
2926091,9494,johnson
2926092,9494,johnson
2926093,9494,johnson
2926094,34610,casas-zamora
2926095,34610,casas-zamora
2926096,34610,casas-zamora
2926097,34610,casas-zamora
2926098,28926,wood
2926099,34610,casas-zamora
2926100,34610,casas-zamora
2926101,9494,johnson
2926102,9494,johnson
2926103,9494,johnson
2926104,9494,johnson
2926105,9494,johnson
2926106,9494,johnson
2926107,9494,johnson
2926108,34608,gianopoulos
2926109,34608,gianopoulos
2926110,34608,gianopoulos
2926111,34608,gianopoulos
2926112,34610,casas-zamora
2926113,34610,casas-zamora
2926114,28926,wood
2926115,34610,casas-zamora
2926116,9494,johnson
2926117,28926,wood
2926118,34610,casas-zamora
2926119,34610,casas-zamora
2926120,34608,gianopoulos
2926121,34608,gianopoulos
2926122,9494,johnson
2926123,34608,gianopoulos
2926124,9494,johnson
2926125,34610,casas-zamora
2926126,9494,johnson
2926127,34608,gianopoulos
2926128,9494,johnson
2926129,34610,casas-zamora
2926130,9494,johnson
2926131,34610,casas-zamora
2926132,9494,johnson
2926133,28926,wood
2926134,9494,johnson
2926135,28926,wood
2926136,9494,johnson
2926137,9494,johnson
2926138,9494,johnson
2926139,28926,wood
2926140,9494,johnson
2926141,34610,casas-zamora
2926142,9494,johnson
2926143,9494,johnson
2926144,34610,casas-zamora
2926145,28926,wood
2926146,28926,wood
2926147,34610,casas-zamora
2926148,34610,casas-zamora
2926149,9494,johnson
2926150,34608,gianopoulos
2926151,34608,gianopoulos
2926152,9494,johnson
2926153,9494,johnson
2926154,28926,wood
2926155,9494,johnson
2926156,34610,casas-zamora
2926157,9494,johnson
2926158,9494,johnson
2926159,9494,johnson
2926160,34608,gianopoulos
2926161,9494,johnson
2926162,9494,johnson
2926163,9494,johnson
2926164,9494,johnson
2926165,9494,johnson
2926166,34611,ducey
2926167,20402,kerlikowske
2926168,34612,montgomery
2926169,9494,johnson
2926170,34611,ducey
2926171,9494,johnson
2926172,20402,kerlikowske
2926173,9494,johnson
2926174,20402,kerlikowske
2926175,9494,johnson
2926176,34611,ducey
2926177,9494,johnson
2926178,20402,kerlikowske
2926179,9494,johnson
2926180,20402,kerlikowske
2926181,9494,johnson
2926182,20402,kerlikowske
2926183,9494,johnson
2926184,34611,ducey
2926185,9494,johnson
2926186,34611,ducey
2926187,9494,johnson
2926188,20402,kerlikowske
2926189,20402,kerlikowske
2926190,20402,kerlikowske
2926191,20402,kerlikowske
2926192,34612,montgomery
2926193,34612,montgomery
2926194,34612,montgomery
2926195,20402,kerlikowske
2926196,34611,ducey
2926197,9494,johnson
2926198,9494,johnson
2926199,20402,kerlikowske
2926200,34611,ducey
2926201,34611,ducey
2926202,9494,johnson
2926203,20402,kerlikowske
2926204,9494,johnson
2926205,34612,montgomery
2926206,9494,johnson
2926207,34611,ducey
2926208,9494,johnson
2926209,20402,kerlikowske
2926210,9494,johnson
2926211,20402,kerlikowske
2926212,9494,johnson
2926213,34611,ducey
2926214,9494,johnson
2926215,34611,ducey
2926216,9494,johnson
2926217,34611,ducey
2926218,9494,johnson
2926219,9494,johnson
2926220,20402,kerlikowske
2926221,9494,johnson
2926222,20402,kerlikowske
2926223,9494,johnson
2926224,34612,montgomery
2926225,9494,johnson
2926226,34611,ducey
2926227,9494,johnson
2926228,34614,mertz
2926229,10260,taylor
2926230,9494,johnson
2926231,9494,johnson
2926232,9494,johnson
2926233,34614,mertz
2926234,9494,johnson
2926235,10260,taylor
2926236,9494,johnson
2926237,10260,taylor
2926238,9494,johnson
2926239,10260,taylor
2926240,9494,johnson
2926241,10260,taylor
2926242,9494,johnson
2926243,10260,taylor
2926244,9494,johnson
2926245,9494,johnson
2926246,9494,johnson
2926247,9494,johnson
2926248,9494,johnson
2926249,9494,johnson
2926250,34614,mertz
2926251,9494,johnson
2926252,9494,johnson
2926253,9494,johnson
2926254,9494,johnson
2926255,34614,mertz
2926256,9494,johnson
2926257,9494,johnson
2926258,9494,johnson
2926259,9494,johnson
2926260,9494,johnson
2926261,10260,taylor
2926262,9494,johnson
2926263,24982,johnson
2926264,2976,carper
2926265,24982,johnson
2926266,2976,carper
2926267,24982,johnson
2926268,2976,carper
2926269,24982,johnson
2926270,25403,hatchett
2926271,34615,redd
2926272,34616,shea
2926273,34617,firoved
2926274,34618,currie
2926275,24982,johnson
2926276,25403,hatchett
2926277,24982,johnson
2926278,34615,redd
2926279,24982,johnson
2926280,34615,redd
2926281,24982,johnson
2926282,34616,shea
2926283,24982,johnson
2926284,34617,firoved
2926285,24982,johnson
2926286,34618,currie
2926287,24982,johnson
2926288,34616,shea
2926289,24982,johnson
2926290,34616,shea
2926291,24982,johnson
2926292,34616,shea
2926293,24982,johnson
2926294,34616,shea
2926295,24982,johnson
2926296,34616,shea
2926297,24982,johnson
2926298,34616,shea
2926299,24982,johnson
2926300,34617,firoved
2926301,24982,johnson
2926302,34615,redd
2926303,24982,johnson
2926304,34615,redd
2926305,24982,johnson
2926306,34615,redd
2926307,24982,johnson
2926308,34615,redd
2926309,24982,johnson
2926310,34615,redd
2926311,24982,johnson
2926312,34615,redd
2926313,24982,johnson
2926314,34615,redd
2926315,24982,johnson
2926316,34615,redd
2926317,24982,johnson
2926318,34615,redd
2926319,24982,johnson
2926320,34615,redd
2926321,24982,johnson
2926322,34615,redd
2926323,24982,johnson
2926324,34615,redd
2926325,24982,johnson
2926326,24982,johnson
2926327,34615,redd
2926328,24982,johnson
2926329,34615,redd
2926330,24982,johnson
2926331,34615,redd
2926332,24982,johnson
2926333,34615,redd
2926334,24982,johnson
2926335,34615,redd
2926336,24982,johnson
2926337,25403,hatchett
2926338,24982,johnson
2926339,25403,hatchett
2926340,24982,johnson
2926341,25403,hatchett
2926342,34618,currie
2926343,2976,carper
2926344,34618,currie
2926345,2976,carper
2926346,34618,currie
2926347,2976,carper
2926348,25403,hatchett
2926349,2976,carper
2926350,25403,hatchett
2926351,2976,carper
2926352,34615,redd
2926353,2976,carper
2926354,30617,booker
2926355,25403,hatchett
2926356,30617,booker
2926357,25403,hatchett
2926358,30617,booker
2926359,34615,redd
2926360,30617,booker
2926361,34615,redd
2926362,30617,booker
2926363,34615,redd
2926364,30617,booker
2926365,34615,redd
2926366,30617,booker
2926367,34615,redd
2926368,30617,booker
2926369,2976,carper
2926370,20893,peters
2926371,25403,hatchett
2926372,20893,peters
2926373,34615,redd
2926374,20893,peters
2926375,34615,redd
2926376,20893,peters
2926377,34617,firoved
2926378,20893,peters
2926379,2976,carper
2926380,34058,ernst
2926381,34618,currie
2926382,34058,ernst
2926383,25403,hatchett
2926384,34058,ernst
2926385,34616,shea
2926386,34058,ernst
2926387,34617,firoved
2926388,34058,ernst
2926389,34615,redd
2926390,34058,ernst
2926391,2976,carper
2926392,34058,ernst
2926393,2976,carper
2926394,34058,ernst
2926395,2976,carper
2926396,99,portman
2926397,25403,hatchett
2926398,34615,redd
2926399,99,portman
2926400,2976,carper
2926401,34058,ernst
2926402,2976,carper
2926403,34058,ernst
2926404,2976,carper
2926405,34058,ernst
2926406,34616,shea
2926407,34058,ernst
2926408,34616,shea
2926409,34058,ernst
2926410,18403,mccaskill
2926411,34617,firoved
2926412,18403,mccaskill
2926413,34617,firoved
2926414,18403,mccaskill
2926415,25403,hatchett
2926416,18403,mccaskill
2926417,25403,hatchett
2926418,18403,mccaskill
2926419,25403,hatchett
2926420,18403,mccaskill
2926421,25403,hatchett
2926422,18403,mccaskill
2926423,24982,johnson
2926424,18403,mccaskill
2926425,25403,hatchett
2926426,24982,johnson
2926427,25403,hatchett
2926428,18403,mccaskill
2926429,25403,hatchett
2926430,18403,mccaskill
2926431,25403,hatchett
2926432,18403,mccaskill
2926433,25403,hatchett
2926434,18403,mccaskill
2926435,25403,hatchett
2926436,18403,mccaskill
2926437,24982,johnson
2926438,2976,carper
2926439,34616,shea
2926440,2976,carper
2926441,34615,redd
2926442,2976,carper
2926443,34615,redd
2926444,2976,carper
2926445,34615,redd
2926446,2976,carper
2926447,34615,redd
2926448,2976,carper
2926449,24982,johnson
2926450,34615,redd
2926451,24982,johnson
2926452,34615,redd
2926453,24982,johnson
2926454,25403,hatchett
2926455,24982,johnson
2926456,34615,redd
2926457,24982,johnson
2926458,34616,shea
2926459,24982,johnson
2926460,34617,firoved
2926461,24982,johnson
2926462,34618,currie
2926463,24982,johnson
2926464,25821,lankford
2926465,28513,mccabe
2926466,26005,rusco
2926467,25821,lankford
2926468,30657,heitkamp
2926469,25821,lankford
2926470,26005,rusco
2926471,25821,lankford
2926472,28513,mccabe
2926473,25821,lankford
2926474,34058,ernst
2926475,26005,rusco
2926476,34058,ernst
2926477,28513,mccabe
2926478,34058,ernst
2926479,25821,lankford
2926480,30657,heitkamp
2926481,25821,lankford
2926482,26005,rusco
2926483,30657,heitkamp
2926484,28513,mccabe
2926485,30657,heitkamp
2926486,26005,rusco
2926487,30657,heitkamp
2926488,26005,rusco
2926489,30657,heitkamp
2926490,26005,rusco
2926491,30657,heitkamp
2926492,26005,rusco
2926493,30657,heitkamp
2926494,25821,lankford
2926495,28513,mccabe
2926496,25821,lankford
2926497,28513,mccabe
2926498,25821,lankford
2926499,28513,mccabe
2926500,25821,lankford
2926501,28513,mccabe
2926502,25821,lankford
2926503,26005,rusco
2926504,25821,lankford
2926505,28513,mccabe
2926506,25821,lankford
2926507,28513,mccabe
2926508,25821,lankford
2926509,26005,rusco
2926510,25821,lankford
2926511,26005,rusco
2926512,25821,lankford
2926513,28513,mccabe
2926514,25821,lankford
2926515,30657,heitkamp
2926516,25821,lankford
2926517,30657,heitkamp
2926518,25821,lankford
2926519,30657,heitkamp
2926520,25821,lankford
2926521,26005,rusco
2926522,25821,lankford
2926523,26005,rusco
2926524,25821,lankford
2926525,28513,mccabe
2926526,25821,lankford
2926527,28513,mccabe
2926528,25821,lankford
2926529,28513,mccabe
2926530,25821,lankford
2926531,28513,mccabe
2926532,25821,lankford
2926533,28513,mccabe
2926534,25821,lankford
2926535,28513,mccabe
2926536,25821,lankford
2926537,28513,mccabe
2926538,25821,lankford
2926539,28513,mccabe
2926540,25821,lankford
2926541,30657,heitkamp
2926542,28513,mccabe
2926543,25821,lankford
2926544,30657,heitkamp
2926545,25821,lankford
2926546,28513,mccabe
2926547,25821,lankford
2926548,28513,mccabe
2926549,25821,lankford
2926550,28513,mccabe
2926551,25821,lankford
2926552,25821,lankford
2926553,28513,mccabe
2926554,25821,lankford
2926555,28513,mccabe
2926556,25821,lankford
2926557,30657,heitkamp
2926558,25821,lankford
2926559,25821,lankford
2926560,30657,heitkamp
2926561,25821,lankford
2926562,1482,dodaro
2926563,25821,lankford
2926564,1482,dodaro
2926565,31357,horowitz
2926566,34619,crumpacker
2926567,25821,lankford
2926568,1482,dodaro
2926569,25821,lankford
2926570,31357,horowitz
2926571,25821,lankford
2926572,34619,crumpacker
2926573,25821,lankford
2926574,18392,tester
2926575,1482,dodaro
2926576,18392,tester
2926577,34619,crumpacker
2926578,18392,tester
2926579,1482,dodaro
2926580,18392,tester
2926581,1482,dodaro
2926582,18392,tester
2926583,1482,dodaro
2926584,18392,tester
2926585,1482,dodaro
2926586,18392,tester
2926587,1482,dodaro
2926588,18392,tester
2926589,1482,dodaro
2926590,18392,tester
2926591,31357,horowitz
2926592,18392,tester
2926593,1482,dodaro
2926594,18392,tester
2926595,31357,horowitz
2926596,18392,tester
2926597,31357,horowitz
2926598,18392,tester
2926599,1482,dodaro
2926600,18392,tester
2926601,1482,dodaro
2926602,18392,tester
2926603,1482,dodaro
2926604,18392,tester
2926605,31357,horowitz
2926606,18392,tester
2926607,31357,horowitz
2926608,18392,tester
2926609,1482,dodaro
2926610,18392,tester
2926611,1482,dodaro
2926612,18392,tester
2926613,1482,dodaro
2926614,18392,tester
2926615,1482,dodaro
2926616,18392,tester
2926617,1482,dodaro
2926618,18392,tester
2926619,1482,dodaro
2926620,18392,tester
2926621,25821,lankford
2926622,1482,dodaro
2926623,25821,lankford
2926624,1482,dodaro
2926625,25821,lankford
2926626,34058,ernst
2926627,1482,dodaro
2926628,34058,ernst
2926629,1482,dodaro
2926630,34058,ernst
2926631,1482,dodaro
2926632,34058,ernst
2926633,1482,dodaro
2926634,34058,ernst
2926635,25821,lankford
2926636,30657,heitkamp
2926637,1482,dodaro
2926638,30657,heitkamp
2926639,1482,dodaro
2926640,30657,heitkamp
2926641,1482,dodaro
2926642,30657,heitkamp
2926643,31357,horowitz
2926644,30657,heitkamp
2926645,31357,horowitz
2926646,30657,heitkamp
2926647,34619,crumpacker
2926648,30657,heitkamp
2926649,25821,lankford
2926650,1482,dodaro
2926651,25821,lankford
2926652,1482,dodaro
2926653,25821,lankford
2926654,31357,horowitz
2926655,30657,heitkamp
2926656,34619,crumpacker
2926657,30657,heitkamp
2926658,34619,crumpacker
2926659,30657,heitkamp
2926660,1482,dodaro
2926661,25821,lankford
2926662,1482,dodaro
2926663,25821,lankford
2926664,34619,crumpacker
2926665,25821,lankford
2926666,34619,crumpacker
2926667,25821,lankford
2926668,34619,crumpacker
2926669,25821,lankford
2926670,34619,crumpacker
2926671,25821,lankford
2926672,34619,crumpacker
2926673,25821,lankford
2926674,34619,crumpacker
2926675,25821,lankford
2926676,34619,crumpacker
2926677,25821,lankford
2926678,31357,horowitz
2926679,25821,lankford
2926680,99,portman
2926681,1482,dodaro
2926682,99,portman
2926683,1482,dodaro
2926684,99,portman
2926685,1482,dodaro
2926686,99,portman
2926687,34619,crumpacker
2926688,99,portman
2926689,34619,crumpacker
2926690,99,portman
2926691,31357,horowitz
2926692,99,portman
2926693,31357,horowitz
2926694,99,portman
2926695,31357,horowitz
2926696,99,portman
2926697,31357,horowitz
2926698,99,portman
2926699,1482,dodaro
2926700,99,portman
2926701,1482,dodaro
2926702,99,portman
2926703,1482,dodaro
2926704,99,portman
2926705,30657,heitkamp
2926706,1482,dodaro
2926707,30657,heitkamp
2926708,1482,dodaro
2926709,30657,heitkamp
2926710,1482,dodaro
2926711,25821,lankford
2926712,1482,dodaro
2926713,25821,lankford
2926714,1482,dodaro
2926715,99,portman
2926716,1482,dodaro
2926717,99,portman
2926718,1482,dodaro
2926719,99,portman
2926720,1482,dodaro
2926721,99,portman
2926722,25821,lankford
2926723,31357,horowitz
2926724,25821,lankford
2926725,31357,horowitz
2926726,25821,lankford
2926727,31357,horowitz
2926728,25821,lankford
2926729,31357,horowitz
2926730,25821,lankford
2926731,30657,heitkamp
2926732,1482,dodaro
2926733,30657,heitkamp
2926734,31357,horowitz
2926735,30657,heitkamp
2926736,31357,horowitz
2926737,1482,dodaro
2926738,30657,heitkamp
2926739,1482,dodaro
2926740,30657,heitkamp
2926741,1482,dodaro
2926742,30657,heitkamp
2926743,25821,lankford
2926744,31357,horowitz
2926745,25821,lankford
2926746,31357,horowitz
2926747,25821,lankford
2926748,31357,horowitz
2926749,30657,heitkamp
2926750,1482,dodaro
2926751,25821,lankford
2926752,30657,heitkamp
2926753,1482,dodaro
2926754,25821,lankford
2926755,25821,lankford
2926756,30657,heitkamp
2926757,25821,lankford
2926758,34624,barab
2926759,34625,shinkman
2926760,25821,lankford
2926761,34624,barab
2926762,25821,lankford
2926763,34625,shinkman
2926764,25821,lankford
2926765,20893,peters
2926766,34625,shinkman
2926767,20893,peters
2926768,34625,shinkman
2926769,20893,peters
2926770,34625,shinkman
2926771,20893,peters
2926772,25821,lankford
2926773,99,portman
2926774,34625,shinkman
2926775,99,portman
2926776,34624,barab
2926777,99,portman
2926778,99,portman
2926779,34624,barab
2926780,99,portman
2926781,25821,lankford
2926782,34625,shinkman
2926783,99,portman
2926784,99,portman
2926785,34058,ernst
2926786,34625,shinkman
2926787,34058,ernst
2926788,34625,shinkman
2926789,34058,ernst
2926790,34625,shinkman
2926791,34058,ernst
2926792,34625,shinkman
2926793,34058,ernst
2926794,34625,shinkman
2926795,34058,ernst
2926796,34058,ernst
2926797,34625,shinkman
2926798,34058,ernst
2926799,25821,lankford
2926800,30657,heitkamp
2926801,34624,barab
2926802,30657,heitkamp
2926803,34624,barab
2926804,30657,heitkamp
2926805,34624,barab
2926806,30657,heitkamp
2926807,34624,barab
2926808,30657,heitkamp
2926809,34624,barab
2926810,30657,heitkamp
2926811,34624,barab
2926812,30657,heitkamp
2926813,34625,shinkman
2926814,30657,heitkamp
2926815,34625,shinkman
2926816,30657,heitkamp
2926817,34624,barab
2926818,30657,heitkamp
2926819,34624,barab
2926820,30657,heitkamp
2926821,30657,heitkamp
2926822,34624,barab
2926823,30657,heitkamp
2926824,34624,barab
2926825,25821,lankford
2926826,34625,shinkman
2926827,25821,lankford
2926828,34625,shinkman
2926829,25821,lankford
2926830,34625,shinkman
2926831,25821,lankford
2926832,34625,shinkman
2926833,25821,lankford
2926834,34625,shinkman
2926835,25821,lankford
2926836,34625,shinkman
2926837,25821,lankford
2926838,34624,barab
2926839,25821,lankford
2926840,34624,barab
2926841,25821,lankford
2926842,34625,shinkman
2926843,25821,lankford
2926844,34625,shinkman
2926845,25821,lankford
2926846,34625,shinkman
2926847,34625,shinkman
2926848,25821,lankford
2926849,34625,shinkman
2926850,34625,shinkman
2926851,25821,lankford
2926852,34624,barab
2926853,25821,lankford
2926854,34624,barab
2926855,25821,lankford
2926856,34624,barab
2926857,34624,barab
2926858,25821,lankford
2926859,34624,barab
2926860,25821,lankford
2926861,25821,lankford
2926862,34624,barab
2926863,25821,lankford
2926864,34624,barab
2926865,30657,heitkamp
2926866,34624,barab
2926867,30657,heitkamp
2926868,30657,heitkamp
2926869,34624,barab
2926870,34624,barab
2926871,30657,heitkamp
2926872,34624,barab
2926873,30657,heitkamp
2926874,25821,lankford
2926875,34624,barab
2926876,25821,lankford
2926877,34624,barab
2926878,34624,barab
2926879,25821,lankford
2926880,34624,barab
2926881,25821,lankford
2926882,34625,shinkman
2926883,25821,lankford
2926884,34625,shinkman
2926885,25821,lankford
2926886,34625,shinkman
2926887,25821,lankford
2926888,34625,shinkman
2926889,25821,lankford
2926890,34625,shinkman
2926891,25821,lankford
2926892,34625,shinkman
2926893,25821,lankford
2926894,34625,shinkman
2926895,25821,lankford
2926896,34625,shinkman
2926897,25821,lankford
2926898,34625,shinkman
2926899,25821,lankford
2926900,34625,shinkman
2926901,25821,lankford
2926902,34625,shinkman
2926903,25821,lankford
